Workbook

Sheet Data
A1: Date | B1: Day | C1: Day Type | D1: Hour | E1: Store Transactions | F1: Restaurant Orders | G1: Fuel Sales | H1: Avg Basket Value | I1: Store Sales | J1: Total Sales | K1: Inventory Risk | L1: Peak Hour | M1: Category Focus
A2: 46082 | B2: Sunday | C2: Sunday | D2: 6 AM | E2: 3 | F2: 0 | G2: 80 | H2: 6 | I2: =E2*H2 -> 18 | J2: =G2+I2 -> 98 | K2: Low | L2: No | M2: Drinks
A3: 46082 | B3: Sunday | C3: Sunday | D3: 7 AM | E3: 4 | F3: 1 | G3: 90 | H3: 6.5 | I3: =E3*H3 -> 26 | J3: =G3+I3 -> 116 | K3: Low | L3: No | M3: Drinks
A4: 46082 | B4: Sunday | C4: Sunday | D4: 8 AM | E4: 5 | F4: 1 | G4: 100 | H4: 7 | I4: =E4*H4 -> 35 | J4: =G4+I4 -> 135 | K4: Low | L4: No | M4: Snacks
A5: 46082 | B5: Sunday | C5: Sunday | D5: 9 AM | E5: 5 | F5: 2 | G5: 105 | H5: 7 | I5: =E5*H5 -> 35 | J5: =G5+I5 -> 140 | K5: Low | L5: No | M5: Snacks
A6: 46082 | B6: Sunday | C6: Sunday | D6: 10 AM | E6: 6 | F6: 2 | G6: 115 | H6: 7 | I6: =E6*H6 -> 42 | J6: =G6+I6 -> 157 | K6: Low | L6: No | M6: Snacks
A7: 46082 | B7: Sunday | C7: Sunday | D7: 11 AM | E7: 7 | F7: 4 | G7: 130 | H7: 8 | I7: =E7*H7 -> 56 | J7: =G7+I7 -> 186 | K7: Low | L7: No | M7: Hot Food
A8: 46082 | B8: Sunday | C8: Sunday | D8: 12 PM | E8: 9 | F8: 6 | G8: 160 | H8: 9 | I8: =E8*H8 -> 81 | J8: =G8+I8 -> 241 | K8: Medium | L8: No | M8: Hot Food
A9: 46082 | B9: Sunday | C9: Sunday | D9: 1 PM | E9: 10 | F9: 7 | G9: 180 | H9: 9.5 | I9: =E9*H9 -> 95 | J9: =G9+I9 -> 275 | K9: Medium | L9: Yes | M9: Hot Food
A10: 46082 | B10: Sunday | C10: Sunday | D10: 2 PM | E10: 9 | F10: 6 | G10: 170 | H10: 9 | I10: =E10*H10 -> 81 | J10: =G10+I10 -> 251 | K10: Medium | L10: No | M10: Drinks
A11: 46082 | B11: Sunday | C11: Sunday | D11: 3 PM | E11: 8 | F11: 5 | G11: 150 | H11: 8.5 | I11: =E11*H11 -> 68 | J11: =G11+I11 -> 218 | K11: Low | L11: No | M11: Drinks
A12: 46082 | B12: Sunday | C12: Sunday | D12: 4 PM | E12: 7 | F12: 4 | G12: 135 | H12: 8 | I12: =E12*H12 -> 56 | J12: =G12+I12 -> 191 | K12: Low | L12: No | M12: Drinks
A13: 46082 | B13: Sunday | C13: Sunday | D13: 5 PM | E13: 6 | F13: 3 | G13: 120 | H13: 8 | I13: =E13*H13 -> 48 | J13: =G13+I13 -> 168 | K13: Low | L13: No | M13: Snacks
... A481: 46111 | B481: Monday | C481: Weekday | D481: 9 PM | E481: 7 | F481: 3 | G481: 150 | H481: 7 | I481: =E481*H481 -> 49 | J481: =G481+I481 -> 199 | K481: Low | L481: No | M481: Misc.

Sheet Summary
A1: BP Wayne Truck Stop Dashboard Summary
A3: KPI | B3: Value | D3: Day Type | E3: Total Sales | G3: Hour | H3: Total Sales
A4: Total Sales | B4: =SUM(Data!J:J) -> 162609 | D4: Weekday | E4: =SUMIF(Data!C:C,D4,Data!J:J) -> 125800.5 | G4: 6 AM | H4: =SUMIF(Data!D:D,G4,Data!J:J) -> 5878
A5: Total Store Transactions | B5: =SUM(Data!E:E) -> 5856 | D5: Saturday | E5: =SUMIF(Data!C:C,D5,Data!J:J) -> 23406 | G5: 7 AM | H5: =SUMIF(Data!D:D,G5,Data!J:J) -> 8394
A6: Total Restaurant Orders | B6: =SUM(Data!F:F) -> 3014 | D6: Sunday | E6: =SUMIF(Data!C:C,D6,Data!J:J) -> 13402.5 | G6: 8 AM | H6: =SUMIF(Data!D:D,G6,Data!J:J) -> 10226
A7: Average Basket Value | B7: =AVERAGE(Data!H:H) -> 7.8895833 | G7: 9 AM | H7: =SUMIF(Data!D:D,G7,Data!J:J) -> 7734
A8: Peak Hour Rows | B8: =COUNTIF(Data!L:L,"Yes") -> 63 | G8: 10 AM | H8: =SUMIF(Data!D:D,G8,Data!J:J) -> 7448
A9: High Inventory Risk Rows | B9: =COUNTIF(Data!K:K,"High") -> 54 | G9: 11 AM | H9: =SUMIF(Data!D:D,G9,Data!J:J) -> 9428
G10: 12 PM | H10: =SUMIF(Data!D:D,G10,Data!J:J) -> 12493
G11: 1 PM | H11: =SUMIF(Data!D:D,G11,Data!J:J) -> 12034
G12: 2 PM | H12: =SUMIF(Data!D:D,G12,Data!J:J) -> 10343.5
G13: 3 PM | H13: =SUMIF(Data!D:D,G13,Data!J:J) -> 10884
G14: 4 PM | H14: =SUMIF(Data!D:D,G14,Data!J:J) -> 13541
G15: 5 PM | H15: =SUMIF(Data!D:D,G15,Data!J:J) -> 16512
G16: 6 PM | H16: =SUMIF(Data!D:D,G16,Data!J:J) -> 13955
G17: 7 PM | H17: =SUMIF(Data!D:D,G17,Data!J:J) -> 10581
G18: 8 PM | H18: =SUMIF(Data!D:D,G18,Data!J:J) -> 7767.5
G19: 9 PM | H19: =SUMIF(Data!D:D,G19,Data!J:J) -> 5390

Sheet How to Use
A1: What this workbook is | B1: A sample 30-day Excel dataset for the BP Wayne Truck Stop Sales & Traffic Performance Dashboard project.
A2: How to use it | B2: Start in the Data sheet. Review the hourly rows, formulas, and traffic patterns. Then use the Summary sheet to see KPIs and charts.
A3: Do I need Power BI? | B3: Use Excel first. Power BI is optional but recommended if you want a cleaner portfolio dashboard. You can import the Data sheet into Power BI later.
A4: What the file includes | B4: 30 days of data, 16 hourly rows per day, formulas for Store Sales and Total Sales, KPI summary, and sample charts.
A5: 6 KPIs used | B5: Total Sales; Total Store Transactions; Total Restaurant Orders; Average Basket Value; Peak Hour Rows; High Inventory Risk Rows.
A6: Expected business story | B6: Weekdays peak around 5 PM, Saturdays are busiest in the afternoon, and Sundays are the slowest day.
A7: Next step | B7: Replace any sample values later if you want to customize the project for your own version.
